session_id,gray_matter,left_acc,right_acc,left_insula,right_insula,left_caudate,right_caudate,left_putamen,right_putamen
sub-HC010_ses-MR_FOLLOWUP,1483.561041,1363.563647,1433.913143,1282.433504,1216.445489,1148.279826,1584.002373,1221.612555,1563.332277
sub-HC010_ses-MR_BASELINE,1639.030927,1469.358166,1610.613272,1356.177378,1279.197735,1170.02953,1783.719164,1301.13933,1784.103641
sub-HC017_ses-MR_BASELINE,1294.992171,1113.530928,1153.86335,1072.964661,1072.261938,1024.305703,1358.30745,1107.343105,1338.017644
sub-HC017_ses-MR_FOLLOWUP,1418.859954,1201.335432,1230.490006,1130.319983,1147.456733,1100.572329,1476.85002,1207.943816,1454.020452
sub-HC028_ses-MR_BASELINE,1626.938207,1306.537493,1502.210526,1285.688587,1276.993436,1396.362445,1689.853116,1450.389997,1707.331128
sub-HC028_ses-MR_FOLLOWUP,1471.643128,1238.825415,1441.235429,1179.403887,1220.765165,1291.568613,1606.994475,1317.90094,1673.81267
sub-HC021_ses-MR_BASELINE,1674.458227,1885.564396,1752.977169,1374.394693,1361.079525,1427.298413,1798.92163,1495.891096,1788.172727
sub-HC021_ses-MR_FOLLOWUP,1793.280349,1720.985109,1679.932494,1357.990079,1404.397273,1524.748148,1959.006284,1582.770427,1879.992815
sub-HC026_ses-MR_FOLLOWUP,1388.452827,1129.514647,1268.135661,1188.853351,1174.80457,1142.467057,1266.107085,1164.206228,1509.75473
sub-HC026_ses-MR_BASELINE,1332.12047,1111.284156,1152.804,1189.720343,1102.37459,1091.56694,1290.969853,1102.19756,1370.505812
sub-HC019_ses-MR_FOLLOWUP,1250.999408,1170.271895,1162.909766,1098.070319,1084.678312,1095.666321,1299.607506,1129.535997,1320.579474
sub-HC019_ses-MR_BASELINE,1308.893221,1118.442473,1109.848658,1125.568154,1122.497248,1097.49913,1361.548058,1125.488218,1380.033951
sub-HC027_ses-MR_FOLLOWUP,1324.617554,1195.5083,1229.232877,1096.550206,1098.34385,1111.786931,1350.063038,1207.144602,1487.08292
sub-HC027_ses-MR_BASELINE,1381.252456,1161.312536,1173.611079,1155.749068,1158.388966,1136.122292,1463.737069,1233.019256,1435.30165
sub-HC018_ses-MR_FOLLOWUP,1178.671923,1088.998281,1122.470555,1061.557774,1035.56,1039.762531,1173.645084,1070.438121,1232.601525
sub-HC018_ses-MR_BASELINE,1292.381107,1170.230109,1194.608571,1109.484645,1101.290428,1118.080869,1244.431971,1181.176985,1362.741234
sub-HC020_ses-MR_BASELINE,1612.138466,1333.093875,1382.313356,1276.789991,1242.696293,1213.076055,1697.493291,1325.469687,1711.768728
sub-HC020_ses-MR_FOLLOWUP,1445.304027,1298.588202,1383.571673,1163.862779,1156.305028,1144.202527,1449.341762,1262.366053,1483.395953
sub-HC016_ses-MR_FOLLOWUP,1206.459047,1142.011448,1198.152968,1088.552436,1018.979592,1068.048815,1275.056707,1108.181337,1272.843648
sub-HC011_ses-MR_FOLLOWUP,1254.934108,1195.257159,1177.400571,1115.076923,1128.039927,1090.943978,1381.776775,1141.715382,1330.359914
sub-HC011_ses-MR_BASELINE,1205.392593,1073.435031,1084.238014,1054.851589,1050.585126,1033.14849,1352.365959,1098.3,1299.891595
sub-HC002_ses-MR_FOLLOWUP,1610.23411,1297.052783,1417.047456,1218.731822,1209.175935,1274.806475,1682.930362,1376.574634,1674.899354
sub-HC002_ses-MR_BASELINE,1020.71143,1035.053234,1016.107429,974.131732,977.23923,908.840351,973.780172,958.483914,962.741639
sub-HC005_ses-MR_BASELINE,1375.35604,1185.721077,1285.372571,1175.296053,1153.320018,1164.009155,1473.294695,1197.920895,1481.391104
sub-HC005_ses-MR_FOLLOWUP,1425.554469,1208.497709,1305.726129,1202.026904,1196.260969,1187.726095,1556.231191,1257.618921,1550.586439
sub-HC004_ses-MR_BASELINE,1664.403096,1314.664948,1480.997714,1305.769359,1285.898438,1442.118227,1719.694882,1592.058372,1886.218031
sub-HC004_ses-MR_FOLLOWUP,1765.863957,1443.726908,1629.780767,1533.890533,1368.522931,1480.267355,1856.255454,1624.468193,1951.27004
sub-HC003_ses-MR_FOLLOWUP,1216.267955,1068.067622,1094.646857,1125.243096,1108.931377,1095.555986,1233.728395,1116.296271,1288.962386
sub-HC003_ses-MR_BASELINE,1211.706855,1071.31594,1092.179897,1103.116964,1091.745404,1079.141812,1245.213638,1106.964871,1299.888461
sub-HC014_ses-MR_FOLLOWUP,1205.467146,1126.37779,1138.436644,1106.186873,1111.798971,1058.235129,1304.208696,1119.522002,1277.301077
sub-HC013_ses-MR_BASELINE,1374.649604,1208.216495,1250.548885,1112.13686,1114.662963,1108.277973,1457.287456,1206.402341,1452.600429
sub-HC013_ses-MR_FOLLOWUP,1266.151629,1182.459073,1168.924528,1054.050764,1066.989036,1050.45065,1349.243444,1143.679867,1353.71546
sub-HC025_ses-MR_BASELINE,1209.43516,1217.016027,1216.276985,1058.664452,1096.243107,1065.584065,1211.644114,1121.588977,1279.445293
sub-HC025_ses-MR_FOLLOWUP,1227.609265,1123.865484,1147.749429,1065.0,1056.664977,1043.457627,1230.795615,1063.916307,1244.051034
sub-HC023_ses-MR_FOLLOWUP,1356.292553,1202.171723,1188.28653,1121.756485,1115.387558,1132.55278,1442.012962,1144.732338,1383.083634
sub-HC023_ses-MR_BASELINE,1346.794349,1306.038924,1242.603311,1122.438893,1121.973588,1160.843914,1458.039154,1168.548376,1373.821493
sub-HC024_ses-MR_BASELINE,1502.440481,1228.989099,1272.630074,1166.049555,1117.815507,1151.840852,1748.69996,1178.672431,1490.706865
sub-HC024_ses-MR_FOLLOWUP,1472.916704,1248.482245,1211.267276,1135.321699,1099.609586,1215.05186,1755.475892,1216.3001,1545.643624
sub-HC012_ses-MR_BASELINE,1310.186681,1130.527523,1179.808681,1124.303261,1094.946009,1079.508505,1302.1597,1142.958784,1387.976415
sub-HC012_ses-MR_FOLLOWUP,1420.300261,1252.734974,1333.671616,1202.542459,1152.502806,1127.193082,1467.050138,1262.510238,1448.286057
sub-HC015_ses-MR_FOLLOWUP,1189.845716,1062.073268,1059.416905,1047.14268,1051.717972,989.255961,1278.094939,1049.536358,1243.982576
sub-HC008_ses-MR_BASELINE,1188.263457,1120.769759,1105.988007,1030.18931,1036.076607,1023.375,1259.818324,1078.446429,1296.869453
sub-HC008_ses-MR_FOLLOWUP,1136.399979,1062.872925,1062.731735,1010.535349,1007.299087,977.517553,1209.209002,1032.426257,1240.580812
sub-HC006_ses-MR_FOLLOWUP,1274.439389,1111.213631,1162.797259,1104.451572,1099.799444,1047.505491,1390.785462,1156.095111,1334.259513
sub-HC006_ses-MR_BASELINE,1290.225912,1098.519771,1158.06621,1118.39809,1102.010162,1030.127479,1402.387097,1122.674007,1350.574405
sub-HC001_ses-MR_BASELINE,1465.839021,1314.048655,1406.974872,1235.407567,1208.725575,1139.485326,1618.525137,1187.824864,1557.043834
sub-HC007_ses-MR_FOLLOWUP,1167.674891,1053.435031,1077.779555,979.733006,989.788374,1006.812348,1231.053146,1045.169374,1218.750926
sub-HC007_ses-MR_BASELINE,1280.777069,1305.709788,1281.271845,1114.490229,1134.042524,1080.261571,1367.140955,1147.736406,1354.001352
sub-HC009_ses-MR_BASELINE,1579.476964,1241.649284,1332.444254,1177.929655,1155.546468,1281.844907,1711.182355,1237.059279,1609.658437
sub-HC009_ses-MR_FOLLOWUP,1648.620299,1285.965043,1384.245283,1238.755612,1218.379972,1359.719181,1757.635289,1284.120175,1747.364794
